INSERT INTO attributetype (id, datatype, description, name) VALUES (1, 'java.util.Date', 'Date for First ARV package dispensing.', 'ARV Start Date');

INSERT INTO chemicalcompound (id, name, acronym) VALUES (1, 'Abacavir', 'ABC');
INSERT INTO chemicalcompound (id, name, acronym) VALUES (2, 'Didanosine', 'DDI');
INSERT INTO chemicalcompound (id, name, acronym) VALUES (3, 'Efavirenz', 'EFV');
INSERT INTO chemicalcompound (id, name, acronym) VALUES (4, 'Lamivudine', '3TC');
INSERT INTO chemicalcompound (id, name, acronym) VALUES (5, 'Nevirapine', 'NVP');
INSERT INTO chemicalcompound (id, name, acronym) VALUES (6, 'Ritonavir', 'RTV');
INSERT INTO chemicalcompound (id, name, acronym) VALUES (7, 'Stavudine', 'D4T');
INSERT INTO chemicalcompound (id, name, acronym) VALUES (8, 'Zidovudine', 'AZT');
INSERT INTO chemicalcompound (id, name, acronym) VALUES (9, 'Lopinavir', 'LPV');
INSERT INTO chemicalcompound (id, name, acronym) VALUES (10, 'Nelfinavir', 'NLV');
INSERT INTO chemicalcompound (id, name, acronym) VALUES (11, 'Tenofovir ', 'TDF');

INSERT INTO chemicaldrugstrength (id, chemicalcompound, strength, drug) VALUES (1, 1, 20, 1);
INSERT INTO chemicaldrugstrength (id, chemicalcompound, strength, drug) VALUES (2, 1, 300, 2);
INSERT INTO chemicaldrugstrength (id, chemicalcompound, strength, drug) VALUES (3, 2, 150, 3);
INSERT INTO chemicaldrugstrength (id, chemicalcompound, strength, drug) VALUES (4, 7, 1, 15);
INSERT INTO chemicaldrugstrength (id, chemicalcompound, strength, drug) VALUES (5, 6, 100, 23);
INSERT INTO chemicaldrugstrength (id, chemicalcompound, strength, drug) VALUES (6, 6, 80, 13);
INSERT INTO chemicaldrugstrength (id, chemicalcompound, strength, drug) VALUES (7, 5, 50, 12);
INSERT INTO chemicaldrugstrength (id, chemicalcompound, strength, drug) VALUES (8, 8, 100, 18);
INSERT INTO chemicaldrugstrength (id, chemicalcompound, strength, drug) VALUES (9, 7, 30, 17);
INSERT INTO chemicaldrugstrength (id, chemicalcompound, strength, drug) VALUES (10, 8, 10, 19);
INSERT INTO chemicaldrugstrength (id, chemicalcompound, strength, drug) VALUES (11, 2, 50, 5);
INSERT INTO chemicaldrugstrength (id, chemicalcompound, strength, drug) VALUES (12, 2, 25, 4);
INSERT INTO chemicaldrugstrength (id, chemicalcompound, strength, drug) VALUES (13, 3, 50, 7);
INSERT INTO chemicaldrugstrength (id, chemicalcompound, strength, drug) VALUES (14, 3, 200, 6);
INSERT INTO chemicaldrugstrength (id, chemicalcompound, strength, drug) VALUES (15, 7, 20, 16);
INSERT INTO chemicaldrugstrength (id, chemicalcompound, strength, drug) VALUES (16, 8, 300, 20);
INSERT INTO chemicaldrugstrength (id, chemicalcompound, strength, drug) VALUES (17, 2, 100, 24);
INSERT INTO chemicaldrugstrength (id, chemicalcompound, strength, drug) VALUES (18, 9, 133, 21);
INSERT INTO chemicaldrugstrength (id, chemicalcompound, strength, drug) VALUES (19, 6, 33, 21);
INSERT INTO chemicaldrugstrength (id, chemicalcompound, strength, drug) VALUES (20, 4, 150, 25);
INSERT INTO chemicaldrugstrength (id, chemicalcompound, strength, drug) VALUES (21, 8, 300, 25);
INSERT INTO chemicaldrugstrength (id, chemicalcompound, strength, drug) VALUES (22, 5, 200, 11);
INSERT INTO chemicaldrugstrength (id, chemicalcompound, strength, drug) VALUES (23, 3, 600, 8);
INSERT INTO chemicaldrugstrength (id, chemicalcompound, strength, drug) VALUES (24, 4, 150, 10);
INSERT INTO chemicaldrugstrength (id, chemicalcompound, strength, drug) VALUES (25, 9, 80, 22);
INSERT INTO chemicaldrugstrength (id, chemicalcompound, strength, drug) VALUES (26, 6, 20, 22);
INSERT INTO chemicaldrugstrength (id, chemicalcompound, strength, drug) VALUES (27, 4, 10, 9);
INSERT INTO chemicaldrugstrength (id, chemicalcompound, strength, drug) VALUES (28, 7, 15, 14);
INSERT INTO chemicaldrugstrength (id, chemicalcompound, strength, drug) VALUES (29, 11, 300, 3);
INSERT INTO chemicaldrugstrength (id, chemicalcompound, strength, drug) VALUES (30, 9, 200, 26);
INSERT INTO chemicaldrugstrength (id, chemicalcompound, strength, drug) VALUES (31, 6, 50, 26);

INSERT INTO clinic (id, address1, address2, notes, postalcode, province, telephone, mainclinic, clinicname, city, modified) VALUES (2, '1 Demo Street', '', '', 'Demo City', '', '', true, 'Main Clinic', '', 'T');

INSERT INTO clinicuser (clinicid, userid) VALUES (2, 1);

INSERT INTO drug (id, form, dispensinginstructions1, dispensinginstructions2, modified, name, packsize, sidetreatment, defaultamnt, defaulttimes, nsncode, stockcode) VALUES (1, 16, '', '', 'T', '[ABC] Abacavir 20mg/ml', 240, 'F', 0, 2, '', '');
INSERT INTO drug (id, form, dispensinginstructions1, dispensinginstructions2, modified, name, packsize, sidetreatment, defaultamnt, defaulttimes, nsncode, stockcode) VALUES (2, 14, '', '', 'T', '[ABC] Abacavir 300mg', 60, 'F', 1, 2, '', '');
INSERT INTO drug (id, form, dispensinginstructions1, dispensinginstructions2, modified, name, packsize, sidetreatment, defaultamnt, defaulttimes, nsncode, stockcode) VALUES (3, 14, '', '', 'T', '[TDF] Tenofovir 300mg', 30, 'F', 1, 1, '', '');
INSERT INTO drug (id, form, dispensinginstructions1, dispensinginstructions2, modified, name, packsize, sidetreatment, defaultamnt, defaulttimes, nsncode, stockcode) VALUES (4, 14, 'Take on an empty stomach', '', 'T', '[DDI] Didanosine 25mg', 60, 'F', 0, 2, '', '');
INSERT INTO drug (id, form, dispensinginstructions1, dispensinginstructions2, modified, name, packsize, sidetreatment, defaultamnt, defaulttimes, nsncode, stockcode) VALUES (5, 14, 'Take on an empty stomach', '', 'T', '[DDI] Didanosine 50mg', 60, 'F', 0, 2, '', '');
INSERT INTO drug (id, form, dispensinginstructions1, dispensinginstructions2, modified, name, packsize, sidetreatment, defaultamnt, defaulttimes, nsncode, stockcode) VALUES (6, 17, 'Take at night only', '', 'T', '[EFV] Efavirenz 200mg', 90, 'F', 0, 1, '', '');
INSERT INTO drug (id, form, dispensinginstructions1, dispensinginstructions2, modified, name, packsize, sidetreatment, defaultamnt, defaulttimes, nsncode, stockcode) VALUES (7, 17, 'Take at night only', '', 'T', '[EFV] Efavirenz 50mg', 30, 'F', 0, 1, '', '');
INSERT INTO drug (id, form, dispensinginstructions1, dispensinginstructions2, modified, name, packsize, sidetreatment, defaultamnt, defaulttimes, nsncode, stockcode) VALUES (8, 14, 'Take at night only', '', 'T', '[EFV] Efavirenz 600mg', 30, 'F', 1, 1, '', '');
INSERT INTO drug (id, form, dispensinginstructions1, dispensinginstructions2, modified, name, packsize, sidetreatment, defaultamnt, defaulttimes, nsncode, stockcode) VALUES (9, 16, '', '', 'T', '[3TC] Lamivudine 10mg/ml', 240, 'F', 0, 2, '', '');
INSERT INTO drug (id, form, dispensinginstructions1, dispensinginstructions2, modified, name, packsize, sidetreatment, defaultamnt, defaulttimes, nsncode, stockcode) VALUES (10, 14, '', '', 'T', '[3TC] Lamivudine 150mg', 60, 'F', 1, 2, '', '');
INSERT INTO drug (id, form, dispensinginstructions1, dispensinginstructions2, modified, name, packsize, sidetreatment, defaultamnt, defaulttimes, nsncode, stockcode) VALUES (11, 14, '', '', 'T', '[NVP] Nevirapine 200mg', 60, 'F', 1, 2, '', '');
INSERT INTO drug (id, form, dispensinginstructions1, dispensinginstructions2, modified, name, packsize, sidetreatment, defaultamnt, defaulttimes, nsncode, stockcode) VALUES (12, 16, '', '', 'T', '[NVP] Nevirapine 50mg/5ml', 240, 'F', 0, 2, '', '');
INSERT INTO drug (id, form, dispensinginstructions1, dispensinginstructions2, modified, name, packsize, sidetreatment, defaultamnt, defaulttimes, nsncode, stockcode) VALUES (13, 16, '', '', 'T', '[RTV] Ritonavir 80mg/ml', 90, 'F', 0, 2, '', '');
INSERT INTO drug (id, form, dispensinginstructions1, dispensinginstructions2, modified, name, packsize, sidetreatment, defaultamnt, defaulttimes, nsncode, stockcode) VALUES (14, 17, '', '', 'T', '[D4T] Stavudine 15mg', 60, 'F', 0, 2, '', '');
INSERT INTO drug (id, form, dispensinginstructions1, dispensinginstructions2, modified, name, packsize, sidetreatment, defaultamnt, defaulttimes, nsncode, stockcode) VALUES (15, 16, '', '', 'T', '[D4T] Stavudine 1mg/ml', 200, 'F', 0, 2, '', '');
INSERT INTO drug (id, form, dispensinginstructions1, dispensinginstructions2, modified, name, packsize, sidetreatment, defaultamnt, defaulttimes, nsncode, stockcode) VALUES (16, 17, '', '', 'T', '[D4T] Stavudine 20mg', 60, 'F', 1, 2, '', '');
INSERT INTO drug (id, form, dispensinginstructions1, dispensinginstructions2, modified, name, packsize, sidetreatment, defaultamnt, defaulttimes, nsncode, stockcode) VALUES (17, 17, '', '', 'T', '[D4T] Stavudine 30mg', 60, 'F', 1, 2, '', '');
INSERT INTO drug (id, form, dispensinginstructions1, dispensinginstructions2, modified, name, packsize, sidetreatment, defaultamnt, defaulttimes, nsncode, stockcode) VALUES (18, 17, '', '', 'T', '[AZT] Zidovudine 100mg', 100, 'F', 0, 2, '', '');
INSERT INTO drug (id, form, dispensinginstructions1, dispensinginstructions2, modified, name, packsize, sidetreatment, defaultamnt, defaulttimes, nsncode, stockcode) VALUES (19, 16, '', '', 'T', '[AZT] Zidovudine 10mg/ml', 200, 'F', 0, 2, '', '');
INSERT INTO drug (id, form, dispensinginstructions1, dispensinginstructions2, modified, name, packsize, sidetreatment, defaultamnt, defaulttimes, nsncode, stockcode) VALUES (20, 14, '', '', 'T', '[AZT] Zidovudine 300mg', 60, 'F', 1, 2, '', '');
INSERT INTO drug (id, form, dispensinginstructions1, dispensinginstructions2, modified, name, packsize, sidetreatment, defaultamnt, defaulttimes, nsncode, stockcode) VALUES (21, 17, '', '', 'T', '[LPV/RTV] Kaletra 133.3/33.3 mg', 180, 'F', 3, 2, '', '');
INSERT INTO drug (id, form, dispensinginstructions1, dispensinginstructions2, modified, name, packsize, sidetreatment, defaultamnt, defaulttimes, nsncode, stockcode) VALUES (22, 16, '', '', 'T', '[LPV/RTV] Kaletra 80/20 mg/ml', 60, 'F', 0, 2, '', '');
INSERT INTO drug (id, form, dispensinginstructions1, dispensinginstructions2, modified, name, packsize, sidetreatment, defaultamnt, defaulttimes, nsncode, stockcode) VALUES (23, 17, '', '', 'T', '[RTV] Ritonavir 100mg', 84, 'F', 0, 0, '', '');
INSERT INTO drug (id, form, dispensinginstructions1, dispensinginstructions2, modified, name, packsize, sidetreatment, defaultamnt, defaulttimes, nsncode, stockcode) VALUES (24, 14, 'Take on an empty stomach', '', 'T', '[DDI] Didanosine 100mg', 60, 'F', 4, 1, '', '');
INSERT INTO drug (id, form, dispensinginstructions1, dispensinginstructions2, modified, name, packsize, sidetreatment, defaultamnt, defaulttimes, nsncode, stockcode) VALUES (25, 14, '', '', 'T', '[3TC/AZT] Lamzid 150/300mg', 60, 'F', 1, 2, '', '');
INSERT INTO drug (id, form, dispensinginstructions1, dispensinginstructions2, modified, name, packsize, sidetreatment, defaultamnt, defaulttimes, nsncode, stockcode) VALUES (26, 14, '', '', 'T', '[LPV/r] Aluvia 200/50mg', 120, 'F', 2, 2, '', '');

INSERT INTO form (id, form, actionlanguage1, actionlanguage2, actionlanguage3, formlanguage1, formlanguage2, formlanguage3, dispinstructions1, dispinstructions2) VALUES (1, 'Lozenges', 'Suck', 'Munca', 'Suig', 'lozenge(s)', '', '', '', NULL);
INSERT INTO form (id, form, actionlanguage1, actionlanguage2, actionlanguage3, formlanguage1, formlanguage2, formlanguage3, dispinstructions1, dispinstructions2) VALUES (2, 'Cream', 'Apply', 'Qaba', 'Wend aan', '', '', '', '', NULL);
INSERT INTO form (id, form, actionlanguage1, actionlanguage2, actionlanguage3, formlanguage1, formlanguage2, formlanguage3, dispinstructions1, dispinstructions2) VALUES (3, 'Ointment', 'Apply', 'Qaba', 'Wend aan', '', '', '', '', NULL);
INSERT INTO form (id, form, actionlanguage1, actionlanguage2, actionlanguage3, formlanguage1, formlanguage2, formlanguage3, dispinstructions1, dispinstructions2) VALUES (4, 'Gel', 'Apply', 'Qaba', 'Wend aan', '', '', '', '', NULL);
INSERT INTO form (id, form, actionlanguage1, actionlanguage2, actionlanguage3, formlanguage1, formlanguage2, formlanguage3, dispinstructions1, dispinstructions2) VALUES (5, 'Oral Gel', 'Apply', 'Qaba', 'Wend aan', '', '', '', 'to the mouth / emlonyeni', NULL);
INSERT INTO form (id, form, actionlanguage1, actionlanguage2, actionlanguage3, formlanguage1, formlanguage2, formlanguage3, dispinstructions1, dispinstructions2) VALUES (6, 'Lotion', 'Apply', 'Qaba', 'Wend aan', '', '', '', '', NULL);
INSERT INTO form (id, form, actionlanguage1, actionlanguage2, actionlanguage3, formlanguage1, formlanguage2, formlanguage3, dispinstructions1, dispinstructions2) VALUES (7, 'Vaginal Cream', 'Insert', 'Faka', 'Steek in', '', '', '', 'Vaginal Cream / Isithambiso sangaphantsi', NULL);
INSERT INTO form (id, form, actionlanguage1, actionlanguage2, actionlanguage3, formlanguage1, formlanguage2, formlanguage3, dispinstructions1, dispinstructions2) VALUES (8, 'Eye Ointment', 'Apply', 'Qaba', 'Wend aan', '', '', '', 'to __ eye(s)', NULL);
INSERT INTO form (id, form, actionlanguage1, actionlanguage2, actionlanguage3, formlanguage1, formlanguage2, formlanguage3, dispinstructions1, dispinstructions2) VALUES (9, 'Suppository', 'Insert', 'Faka', 'Steek in', 'suppository', '', '', '', NULL);
INSERT INTO form (id, form, actionlanguage1, actionlanguage2, actionlanguage3, formlanguage1, formlanguage2, formlanguage3, dispinstructions1, dispinstructions2) VALUES (10, 'Nose drops', 'Instill', 'Galela', 'Gebruik', 'drops', 'amathontsi', 'druppel(s)', 'in each nostril', NULL);
INSERT INTO form (id, form, actionlanguage1, actionlanguage2, actionlanguage3, formlanguage1, formlanguage2, formlanguage3, dispinstructions1, dispinstructions2) VALUES (11, 'Eye drops', 'Instill', 'Galela', 'Gebruik', 'drops', 'amathontsi', 'druppel(s)', 'in __ eye(s)', NULL);
INSERT INTO form (id, form, actionlanguage1, actionlanguage2, actionlanguage3, formlanguage1, formlanguage2, formlanguage3, dispinstructions1, dispinstructions2) VALUES (12, 'Ear drops', 'Instill', 'Galela', 'Gebruik', 'drops', 'amathontsi', 'druppel(s)', 'in __ ear(s)', NULL);
INSERT INTO form (id, form, actionlanguage1, actionlanguage2, actionlanguage3, formlanguage1, formlanguage2, formlanguage3, dispinstructions1, dispinstructions2) VALUES (13, 'Soap', 'Wash with soap', 'Hlamba nge sepa', 'Was met seep', '', '', '', '', NULL);
INSERT INTO form (id, form, actionlanguage1, actionlanguage2, actionlanguage3, formlanguage1, formlanguage2, formlanguage3, dispinstructions1, dispinstructions2) VALUES (14, 'Tablets', 'Take', 'Sela', 'Neem', 'tablets', 'ipilisi', 'pille', '', NULL);
INSERT INTO form (id, form, actionlanguage1, actionlanguage2, actionlanguage3, formlanguage1, formlanguage2, formlanguage3, dispinstructions1, dispinstructions2) VALUES (15, 'Suspension', 'Take', 'Sela', 'Neem', 'ml', 'ml', 'ml', '', NULL);
INSERT INTO form (id, form, actionlanguage1, actionlanguage2, actionlanguage3, formlanguage1, formlanguage2, formlanguage3, dispinstructions1, dispinstructions2) VALUES (16, 'Syrup', 'Take', 'Sela', 'Neem', 'ml', 'ml', 'ml', '', NULL);
INSERT INTO form (id, form, actionlanguage1, actionlanguage2, actionlanguage3, formlanguage1, formlanguage2, formlanguage3, dispinstructions1, dispinstructions2) VALUES (17, 'Capsules', 'Take', 'Sela', 'Neem', 'capsules', 'ipilisi', 'pille', '', NULL);

INSERT INTO patientstattypes (id, statname, statformat) VALUES (1, 'CD4 Count', 'N');
INSERT INTO patientstattypes (id, statname, statformat) VALUES (2, 'Viral Load', 'N');
INSERT INTO patientstattypes (id, statname, statformat) VALUES (3, 'CD4 Percentage', 'N');
INSERT INTO patientstattypes (id, statname, statformat) VALUES (4, 'ALT', 'C');

INSERT INTO patientvisitreason (id, reasonforvisit) VALUES (5, 'Scheduled Visit');
INSERT INTO patientvisitreason (id, reasonforvisit) VALUES (6, 'Not Feeling Well');
INSERT INTO patientvisitreason (id, reasonforvisit) VALUES (7, 'Counselling');
INSERT INTO patientvisitreason (id, reasonforvisit) VALUES (8, 'Advice');
INSERT INTO patientvisitreason (id, reasonforvisit) VALUES (9, 'Other');

INSERT INTO simpledomain (id, description, name, value) VALUES (1, 'WHO Clinical Stage 1', 'clinical_stage', '1');
INSERT INTO simpledomain (id, description, name, value) VALUES (2, 'WHO Clinical Stage 2', 'clinical_stage', '2');
INSERT INTO simpledomain (id, description, name, value) VALUES (3, 'WHO Clinical Stage 3', 'clinical_stage', '3');
INSERT INTO simpledomain (id, description, name, value) VALUES (4, 'WHO Clinical Stage 4', 'clinical_stage', '4');
INSERT INTO simpledomain (id, description, name, value) VALUES (5, 'SA Province', 'province', 'Western Cape');
INSERT INTO simpledomain (id, description, name, value) VALUES (6, 'SA Province', 'province', 'Northern Cape');
INSERT INTO simpledomain (id, description, name, value) VALUES (7, 'SA Province', 'province', 'Limpopo');
INSERT INTO simpledomain (id, description, name, value) VALUES (8, 'SA Province', 'province', 'Free State');
INSERT INTO simpledomain (id, description, name, value) VALUES (9, 'SA Province', 'province', 'KwaZulu - Natal');
INSERT INTO simpledomain (id, description, name, value) VALUES (10, 'SA Province', 'province', 'Eastern Cape');
INSERT INTO simpledomain (id, description, name, value) VALUES (11, 'SA Province', 'province', 'Gauteng');
INSERT INTO simpledomain (id, description, name, value) VALUES (12, 'SA Province', 'province', 'Mpumalanga');
INSERT INTO simpledomain (id, description, name, value) VALUES (13, 'SA Province', 'province', 'North West');
INSERT INTO simpledomain (id, description, name, value) VALUES (14, '', 'reason_for_update', 'Intollerability');
INSERT INTO simpledomain (id, description, name, value) VALUES (15, '', 'reason_for_update', 'Renewal');
INSERT INTO simpledomain (id, description, name, value) VALUES (16, '', 'reason_for_update', 'Failure');
INSERT INTO simpledomain (id, description, name, value) VALUES (17, '', 'reason_for_update', 'Toxicity');
INSERT INTO simpledomain (id, description, name, value) VALUES (18, '', 'reason_for_update', 'Breast Enlargement');
INSERT INTO simpledomain (id, description, name, value) VALUES (19, '', 'reason_for_update', 'Lactic Acidosis');
INSERT INTO simpledomain (id, description, name, value) VALUES (20, '', 'reason_for_update', 'Peripheral Neuropathy');
INSERT INTO simpledomain (id, description, name, value) VALUES (21, '', 'reason_for_update', 'Post Natal');
INSERT INTO simpledomain (id, description, name, value) VALUES (22, '', 'reason_for_update', 'Pregnancy');
INSERT INTO simpledomain (id, description, name, value) VALUES (23, '', 'reason_for_update', 'Renal Failure');
INSERT INTO simpledomain (id, description, name, value) VALUES (24, '', 'reason_for_update', 'Strength Change');
INSERT INTO simpledomain (id, description, name, value) VALUES (25, '', 'reason_for_update', 'Virological Failure');
INSERT INTO simpledomain (id, description, name, value) VALUES (26, '', 'reason_for_update', 'Starting TB Rx');
INSERT INTO simpledomain (id, description, name, value) VALUES (27, '', 'reason_for_update', 'Stopping TB Rx');
INSERT INTO simpledomain (id, description, name, value) VALUES (28, '', 'reason_for_update', 'Restart ART');
INSERT INTO simpledomain (id, description, name, value) VALUES (29, '', 'reason_for_update', 'Lipodystrophy');
INSERT INTO simpledomain (id, description, name, value) VALUES (30, '', 'prescriptionDuration', '1 week');
INSERT INTO simpledomain (id, description, name, value) VALUES (31, '', 'prescriptionDuration', '2 weeks');
INSERT INTO simpledomain (id, description, name, value) VALUES (32, '', 'prescriptionDuration', '1 month');
INSERT INTO simpledomain (id, description, name, value) VALUES (33, '', 'prescriptionDuration', '2 months');
INSERT INTO simpledomain (id, description, name, value) VALUES (34, '', 'prescriptionDuration', '3 months');
INSERT INTO simpledomain (id, description, name, value) VALUES (35, '', 'prescriptionDuration', '4 months');
INSERT INTO simpledomain (id, description, name, value) VALUES (36, '', 'prescriptionDuration', '5 months');
INSERT INTO simpledomain (id, description, name, value) VALUES (37, '', 'prescriptionDuration', '6 months');
INSERT INTO simpledomain (id, description, name, value) VALUES (38, '', 'prescriptionDuration', '7 months');
INSERT INTO simpledomain (id, description, name, value) VALUES (39, '', 'activation_reason', 'New Patient');
INSERT INTO simpledomain (id, description, name, value) VALUES (40, '', 'activation_reason', 'Re-referred In');
INSERT INTO simpledomain (id, description, name, value) VALUES (41, '', 'activation_reason', 'Referred In');
INSERT INTO simpledomain (id, description, name, value) VALUES (42, '', 'activation_reason', 'Restart ART');
INSERT INTO simpledomain (id, description, name, value) VALUES (43, '', 'activation_reason', 'Restart at Down Referral Clinic');
INSERT INTO simpledomain (id, description, name, value) VALUES (44, '', 'activation_reason', 'Start at Down Referral Clinic');
INSERT INTO simpledomain (id, description, name, value) VALUES (45, '', 'activation_reason', 'Start PEP');
INSERT INTO simpledomain (id, description, name, value) VALUES (46, '', 'activation_reason', 'Transferred In');
INSERT INTO simpledomain (id, description, name, value) VALUES (47, '', 'activation_reason', 'Unknown');
INSERT INTO simpledomain (id, description, name, value) VALUES (48, '', 'activation_reason', 'Up Referred');
INSERT INTO simpledomain (id, description, name, value) VALUES (49, '', 'activation_reason', 'Visitor In');
INSERT INTO simpledomain (id, description, name, value) VALUES (50, '', 'activation_reason', 'Other');
INSERT INTO simpledomain (id, description, name, value) VALUES (51, '', 'deactivation_reason', 'Deceased');
INSERT INTO simpledomain (id, description, name, value) VALUES (52, '', 'deactivation_reason', 'Defaulted');
INSERT INTO simpledomain (id, description, name, value) VALUES (53, '', 'deactivation_reason', 'Down Referred');
INSERT INTO simpledomain (id, description, name, value) VALUES (54, '', 'deactivation_reason', 'Lost to Follow Up');
INSERT INTO simpledomain (id, description, name, value) VALUES (55, '', 'deactivation_reason', 'Other');
INSERT INTO simpledomain (id, description, name, value) VALUES (56, '', 'deactivation_reason', 'Re-referred Out');
INSERT INTO simpledomain (id, description, name, value) VALUES (57, '', 'deactivation_reason', 'Referred Out');
INSERT INTO simpledomain (id, description, name, value) VALUES (58, '', 'deactivation_reason', 'Stop PEP');
INSERT INTO simpledomain (id, description, name, value) VALUES (59, '', 'deactivation_reason', 'Stopped ART by Clinician');
INSERT INTO simpledomain (id, description, name, value) VALUES (60, '', 'deactivation_reason', 'Transferred Out');
INSERT INTO simpledomain (id, description, name, value) VALUES (61, '', 'deactivation_reason', 'Unknown');
INSERT INTO simpledomain (id, description, name, value) VALUES (62, '', 'deactivation_reason', 'Visitor Out');
INSERT INTO simpledomain (id, description, name, value) VALUES (63, 'Package Return Reason', 'packageReturnReason', 'No longer receiving treatment at clinic');
INSERT INTO simpledomain (id, description, name, value) VALUES (64, 'Package Return Reason', 'packageReturnReason', 'Change of Drugs');
INSERT INTO simpledomain (id, description, name, value) VALUES (65, 'Package Return Reason', 'packageReturnReason', 'Package lost in transit ');
INSERT INTO simpledomain (id, description, name, value) VALUES (66, 'Package Return Reason', 'packageReturnReason', 'Missed Appointment');
INSERT INTO simpledomain (id, description, name, value) VALUES (67, 'pharmacy_detail', 'pharmacist', 'Demo Pharmacist, B.Pharm');
INSERT INTO simpledomain (id, description, name, value) VALUES (68, 'pharmacy_detail', 'assistant_pharmacist', 'Demo Pharmacist2, B.Pharm');
INSERT INTO simpledomain (id, description, name, value) VALUES (69, 'pharmacy_detail', 'pharmacy_name', 'Facility Name');
INSERT INTO simpledomain (id, description, name, value) VALUES (70, 'pharmacy_detail', 'pharmacy_street', 'Street Address');
INSERT INTO simpledomain (id, description, name, value) VALUES (71, 'pharmacy_detail', 'pharmacy_city', 'City');
INSERT INTO simpledomain (id, description, name, value) VALUES (72, 'pharmacy_detail', 'pharmacy_contact_no', 'Tel');
INSERT INTO simpledomain (id, description, name, value) VALUES (73, 'Regimen 1A', 'regimen', '1A');
INSERT INTO simpledomain (id, description, name, value) VALUES (74, 'Regimen 1B', 'regimen', '1B');
INSERT INTO simpledomain (id, description, name, value) VALUES (75, 'Regimen 2', 'regimen', '2');
INSERT INTO simpledomain (id, description, name, value) VALUES (76, 'Mixed Regimen', 'regimen', 'Mixed');
INSERT INTO simpledomain (id, description, name, value) VALUES (77, 'Regimen 1C', 'regimen', '1C');
INSERT INTO simpledomain (id, description, name, value) VALUES (78, 'Regimen 1D', 'regimen', '1D');

INSERT INTO stockcenter (id, stockcentername, preferred) VALUES (1, 'Main', true);

INSERT INTO users (id, modified, cl_password, role, cl_username) VALUES (1, 'T', '123', 'Pharmacy', 'admin');